Fecha del análisis: 29/05/2026~04/06/2026,,,,,,,,,,,,,,,,,,,,,,,,,,,,,,,,,,,,,,,,,,,,,,,,,,,,,,,,,,,,,,,,,,,,,,,,,,,,,,,,,,,,,,,,,,,,,,,,,,,,,,,,,,,,,,,,,,,,,,,,,,,,,,,,,,,,,,,,,,,,,,,,,,,,,,,,,,,,,,,,,,,,,,,,,,,,,,,
,,,,,,,,,,,,,,,,,,,,,,,,,,,,,,,,,,,,,,,,,,,,,,,,,,,,,,,,,,,,,,,,,,,,,,,,,,,,,,,,,,,,,,,,,,,,,,,,,,,,,,,,,,,,,,,,,,,,,,,,,,,,,,,,,,,,,,,,,,,,,,,,,,,,,,,,,,,,,,,,,,,,,,,,,,,,,,,
,,,,Todo,Todo,Todo,Todo,Todo,Todo,Todo,Todo,Todo,Todo,Todo,Todo,Todo,Todo,Todo,Todo,Todo,Todo,Todo,Todo,Todo,Todo,Todo,Todo,Todo,Todo,Todo,Todo,Todo,Todo,Todo,Todo,Todo,Todo,Todo,Todo,Todo,Todo,Todo,Todo,Todo,Todo,Todo,Todo,Todo,Todo,Todo,LIVE del vendedor,LIVE del vendedor,LIVE del vendedor,LIVE del vendedor,LIVE del vendedor,LIVE del vendedor,LIVE del vendedor,LIVE del vendedor,LIVE del vendedor,LIVE del vendedor,LIVE del vendedor,LIVE del vendedor,LIVE del vendedor,LIVE del vendedor,LIVE del vendedor,LIVE del vendedor,LIVE del vendedor,LIVE del vendedor,LIVE del vendedor,LIVE del vendedor,LIVE del vendedor,LIVE del vendedor,LIVE del vendedor,LIVE del vendedor,LIVE del vendedor,Video del vendedor,Video del vendedor,Video del vendedor,Video del vendedor,Video del vendedor,Video del vendedor,Video del vendedor,Video del vendedor,Video del vendedor,Video del vendedor,Video del vendedor,Video del vendedor,Video del vendedor,Video del vendedor,Video del vendedor,Video del vendedor,Video del vendedor,Video del vendedor,Video del vendedor,Video del vendedor,Video del vendedor,Video del vendedor,Video del vendedor,Video del vendedor,Video del vendedor,Afiliado,Afiliado,Afiliado,Afiliado,Afiliado,Afiliado,Afiliado,Afiliado,Afiliado,Afiliado,Afiliado,Afiliado,Afiliado,Afiliado,Afiliado,Afiliado,Afiliado,Afiliado,Afiliado,Afiliado,Afiliado,Afiliado,Afiliado,Afiliado,Afiliado,Afiliado,Afiliado,Afiliado,Afiliado,Afiliado,Afiliado,Afiliado,Afiliado,Afiliado,Afiliado,Afiliado,Afiliado,Afiliado,Afiliado,Afiliado,Afiliado,Afiliado,Afiliado,Afiliado,Afiliado,Afiliado,Afiliado,Afiliado,Afiliado,Afiliado,Afiliado,Tarjeta de producto de vendedores,Tarjeta de producto de vendedores,Tarjeta de producto de vendedores,Tarjeta de producto de vendedores,Tarjeta de producto de vendedores,Tarjeta de producto de vendedores,Tarjeta de producto de vendedores,Tarjeta de producto de vendedores,Tarjeta de producto de vendedores,Tarjeta de producto de vendedores,Tarjeta de producto de vendedores,Tarjeta de producto de vendedores,Tarjeta de producto de vendedores,Tarjeta de producto de vendedores,Tarjeta de producto de vendedores,Tarjeta de producto de vendedores,Tarjeta de producto de vendedores,Tarjeta de producto de vendedores,Tarjeta de producto de vendedores,Tarjeta de producto de vendedores,Tarjeta de producto de vendedores,Tarjeta de producto de vendedores,Tarjeta de producto de vendedores,Tarjeta de producto de vendedores
Nombre del producto,ID del producto,Rango de GMV,Estado del listado,GMV,GMV atribuido al LIVE del vendedor,GMV de LIVE del vendedor,GMV indirecto de LIVE de vendedor,GMV atribuido al video de un vendedor,GMV de videos de vendedor,GMV indirecto de video de vendedor,GMV atribuido a creadores,GMV atribuido al LIVE del creador,GMV de LIVE de creadores,GMV indirecto de LIVE del creador,GMV atribuido a videos de afiliados,GMV de videos de creadores,GMV indirecto de video del creador,GMV de tarjeta de producto de vendedor,Pedidos,Pedidos con SKU,Artículos vendidos,Clientes estimados,AOV (pedidos con SKU),Impresiones del producto,Clics en el producto,CTR,Cantidad de adiciones al carrito,Tasa de adición al carrito,CTOR (pedido con SKU),Impresiones únicas de productos,Clics únicos,CTR única,Usuarios de Agregar al carrito,Tasa de ATC única,CTOR (pedido con SKU) única,GMV con impuestos,Impuesto,GMV (con cofinanciación de TikTok),Tarifas de envío,Reembolsos,Artículos reembolsados,Clientes reembolsados,Impresiones del producto en la pestaña Tienda,Clics en el producto en la pestaña Tienda,Clics en el producto únicos en la pestaña Tienda,Clientes est. de la pestaña Tienda,CTR de la pestaña Tienda,CTOR de la pestaña Tienda (SKU),GMV de la pestaña Tienda,Artículos vendidos en la pestaña Tienda,GMV atribuido,GMV,GMV indirecto,Pedidos atribuidos,Pedidos con SKU atribuidos,Pedidos con SKU,Pedidos con SKU indirectos,Ventas de artículos atribuidas,Artículos vendidos,Artículos vendidos indirectamente,Clientes estimados,AOV (pedidos con SKU atribuidos),Recuento de nuevos LIVE,Impresiones del producto,Clics en el producto,CTR,Cantidad de adiciones al carrito,Tasa de adición al carrito,CTOR (pedido con SKU),Impresiones únicas de productos,Clics únicos,CTR única,Usuarios de Agregar al carrito,Tasa de ATC única,CTOR (pedido con SKU) única,GMV atribuido,GMV,GMV indirecto,Pedidos atribuidos,Pedidos con SKU atribuidos,Pedidos con SKU,Pedidos con SKU indirectos,Ventas de artículos atribuidas,Artículos vendidos,Artículos vendidos indirectamente,Clientes estimados,AOV (pedidos con SKU atribuidos),Recuento de videos nuevos,Impresiones del producto,Clics en el producto,CTR,Cantidad de adiciones al carrito,Tasa de adición al carrito,CTOR (pedido con SKU),Impresiones únicas de productos,Clics únicos,CTR única,Usuarios de Agregar al carrito,Tasa de ATC única,CTOR (pedido con SKU) única,GMV atribuido,GMV atribuido a LIVE,GMV de LIVE de creadores,GMV indirecto de LIVE del creador,GMV atribuido al video,GMV de videos de creadores,GMV indirecto de video del creador,Pedidos atribuidos,Pedidos con SKU atribuidos,Ventas de artículos atribuidas,Clientes estimados,AOV (pedidos con SKU atribuidos),promoting_creators_metric_name_short_ui,Recuento de nuevos LIVE,Recuento de videos nuevos,Impresiones del producto,Clics en el producto,CTR,Cantidad de adiciones al carrito,Tasa de adición al carrito,CTOR (pedido con SKU),Impresiones únicas de productos,Clics únicos,CTR única,Usuarios de Agregar al carrito,Tasa de ATC única,CTOR (pedido con SKU) única,Impresiones de los productos (LIVE),Clics en el producto (LIVE),CTR (LIVE),Cantidad de adiciones al carrito (LIVE),Tasa de adición al carrito (LIVE),CTOR (pedido con SKU) (LIVE),Impresiones únicas del producto (LIVE),Clics únicos (LIVE),CTR única (LIVE),Usuarios de ATC (LIVE),Tasa de ATC única (LIVE),CTOR única (SKU) (LIVE),Impresiones de productos (video),Clics en el producto (video),CTR (video),Cantidad de adiciones al carrito (videos),Tasa de adición al carrito (videos),CTOR (pedido con SKU) (video),Impresiones únicas del producto (videos),Clics únicos (video),CTR única (videos),Usuarios de ATC (video),Tasa de ATC única (videos),CTOR única (SKU) (videos),GMV atribuido,GMV,GMV indirecto,Pedidos atribuidos,Pedidos con SKU atribuidos,Pedidos con SKU,Pedidos con SKU indirectos,Ventas de artículos atribuidas,Artículos vendidos,Artículos vendidos indirectamente,Clientes estimados,AOV (pedidos con SKU atribuidos),Impresiones del producto,Clics en el producto,CTR,Cantidad de adiciones al carrito,Tasa de adición al carrito,CTOR (pedido con SKU),Impresiones únicas de productos,Clics únicos,CTR única,Usuarios de Agregar al carrito,Tasa de ATC única,CTOR (pedido con SKU) única
Chaleco Largo Mujer 3/4 Mayoreo “Pola” con Peluche y Gorro Desmontable,1735443868584347338,GMV y artículos vendidos = 0,Activo,MX$0.00,MX$0.00,MX$0.00,MX$0.00,MX$0.00,MX$0.00,MX$0.00,MX$0.00,MX$0.00,MX$0.00,MX$0.00,MX$0.00,MX$0.00,MX$0.00,MX$0.00,0,0,0,0,MX$0.00,190,3,1.58%,0,0.00%,0.00%,134,2,1.49%,0,0.00%,0.00%,MX$0.00,MX$0.00,MX$0.00,MX$0.00,MX$0.00,0,0,85,1,1,0,1.18%,0.00%,MX$0.00,0,MX$0.00,MX$0.00,MX$0.00,0,0,0,0,0,0,0,0,MX$0.00,0,0,0,0.00%,0,0.00%,0.00%,0,0,0.00%,0,0.00%,0.00%,MX$0.00,MX$0.00,MX$0.00,0,0,0,0,0,0,0,0,MX$0.00,0,70,2,2.86%,0,0.00%,0.00%,50,1,2.00%,0,0.00%,0.00%,MX$0.00,MX$0.00,MX$0.00,MX$0.00,MX$0.00,MX$0.00,MX$0.00,0,0,0,0,MX$0.00,0,0,0,0,0,0.00%,0,0.00%,0.00%,0,0,0.00%,0,0.00%,0.00%,0,0,0.00%,0,0.00%,0.00%,0,0,0.00%,0,0.00%,0.00%,0,0,0.00%,0,0.00%,0.00%,0,0,0.00%,0,0.00%,0.00%,MX$0.00,MX$0.00,MX$0.00,0,0,0,0,0,0,0,0,MX$0.00,120,1,0.83%,0,0.00%,0.00%,65,1,1.54%,0,0.00%,0.00%
Conjunto Velur Mujer Mayoreo 24 Pzs 2 Piezas Pants y Chamarra con Gorro “Violeta”,1735550150763054794,GMV y artículos vendidos = 0,Activo,MX$0.00,MX$0.00,MX$0.00,MX$0.00,MX$0.00,MX$0.00,MX$0.00,MX$0.00,MX$0.00,MX$0.00,MX$0.00,MX$0.00,MX$0.00,MX$0.00,MX$0.00,0,0,0,0,MX$0.00,231,3,1.30%,0,0.00%,0.00%,199,3,1.51%,0,0.00%,0.00%,MX$0.00,MX$0.00,MX$0.00,MX$0.00,MX$0.00,0,0,54,1,1,0,1.85%,0.00%,MX$0.00,0,MX$0.00,MX$0.00,MX$0.00,0,0,0,0,0,0,0,0,MX$0.00,0,0,0,0.00%,0,0.00%,0.00%,0,0,0.00%,0,0.00%,0.00%,MX$0.00,MX$0.00,MX$0.00,0,0,0,0,0,0,0,0,MX$0.00,0,146,1,0.68%,0,0.00%,0.00%,90,1,1.11%,0,0.00%,0.00%,MX$0.00,MX$0.00,MX$0.00,MX$0.00,MX$0.00,MX$0.00,MX$0.00,0,0,0,0,MX$0.00,0,0,0,0,0,0.00%,0,0.00%,0.00%,0,0,0.00%,0,0.00%,0.00%,0,0,0.00%,0,0.00%,0.00%,0,0,0.00%,0,0.00%,0.00%,0,0,0.00%,0,0.00%,0.00%,0,0,0.00%,0,0.00%,0.00%,MX$0.00,MX$0.00,MX$0.00,0,0,0,0,0,0,0,0,MX$0.00,85,2,2.35%,0,0.00%,0.00%,55,2,3.64%,0,0.00%,0.00%
"Sudadera Hombre Mayoreo 24 Pzs con Peluche, Gorro y Diseños Bordados",1735918933110916810,-,Inactivo,MX$0.00,MX$0.00,MX$0.00,MX$0.00,MX$0.00,MX$0.00,MX$0.00,MX$0.00,MX$0.00,MX$0.00,MX$0.00,MX$0.00,MX$0.00,MX$0.00,MX$0.00,0,0,0,0,MX$0.00,2,0,0.00%,0,0.00%,0.00%,2,0,0.00%,0,0.00%,0.00%,MX$0.00,MX$0.00,MX$0.00,MX$0.00,MX$0.00,0,0,0,0,0,0,0.00%,0.00%,MX$0.00,0,MX$0.00,MX$0.00,MX$0.00,0,0,0,0,0,0,0,0,MX$0.00,0,0,0,0.00%,0,0.00%,0.00%,0,0,0.00%,0,0.00%,0.00%,MX$0.00,MX$0.00,MX$0.00,0,0,0,0,0,0,0,0,MX$0.00,0,0,0,0.00%,0,0.00%,0.00%,0,0,0.00%,0,0.00%,0.00%,MX$0.00,MX$0.00,MX$0.00,MX$0.00,MX$0.00,MX$0.00,MX$0.00,0,0,0,0,MX$0.00,0,0,0,0,0,0.00%,0,0.00%,0.00%,0,0,0.00%,0,0.00%,0.00%,0,0,0.00%,0,0.00%,0.00%,0,0,0.00%,0,0.00%,0.00%,0,0,0.00%,0,0.00%,0.00%,0,0,0.00%,0,0.00%,0.00%,MX$0.00,MX$0.00,MX$0.00,0,0,0,0,0,0,0,0,MX$0.00,2,0,0.00%,0,0.00%,0.00%,0,0,0.00%,0,0.00%,0.00%
Chaleco Largo Mujer Mayoreo 30 Pzs Acolchado 3/4 con Gorro Desmontable,1734968947177260746,GMV y artículos vendidos = 0,Activo,MX$0.00,MX$0.00,MX$0.00,MX$0.00,MX$0.00,MX$0.00,MX$0.00,MX$0.00,MX$0.00,MX$0.00,MX$0.00,MX$0.00,MX$0.00,MX$0.00,MX$0.00,0,0,0,0,MX$0.00,304,8,2.63%,0,0.00%,0.00%,256,7,2.73%,0,0.00%,0.00%,MX$0.00,MX$0.00,MX$0.00,MX$0.00,MX$0.00,0,0,159,7,6,0,4.40%,0.00%,MX$0.00,0,MX$0.00,MX$0.00,MX$0.00,0,0,0,0,0,0,0,0,MX$0.00,0,0,0,0.00%,0,0.00%,0.00%,0,0,0.00%,0,0.00%,0.00%,MX$0.00,MX$0.00,MX$0.00,0,0,0,0,0,0,0,0,MX$0.00,0,66,1,1.52%,0,0.00%,0.00%,43,1,2.33%,0,0.00%,0.00%,MX$0.00,MX$0.00,MX$0.00,MX$0.00,MX$0.00,MX$0.00,MX$0.00,0,0,0,0,MX$0.00,0,0,0,0,0,0.00%,0,0.00%,0.00%,0,0,0.00%,0,0.00%,0.00%,0,0,0.00%,0,0.00%,0.00%,0,0,0.00%,0,0.00%,0.00%,0,0,0.00%,0,0.00%,0.00%,0,0,0.00%,0,0.00%,0.00%,MX$0.00,MX$0.00,MX$0.00,0,0,0,0,0,0,0,0,MX$0.00,238,7,2.94%,0,0.00%,0.00%,166,6,3.61%,0,0.00%,0.00%
Rompevientos Reversible Mujer Mayoreo Doble Vista Polar y Repelente 30 Pzs,1735918468971333322,-,Inactivo,MX$0.00,MX$0.00,MX$0.00,MX$0.00,MX$0.00,MX$0.00,MX$0.00,MX$0.00,MX$0.00,MX$0.00,MX$0.00,MX$0.00,MX$0.00,MX$0.00,MX$0.00,0,0,0,0,MX$0.00,3,0,0.00%,0,0.00%,0.00%,2,0,0.00%,0,0.00%,0.00%,MX$0.00,MX$0.00,MX$0.00,MX$0.00,MX$0.00,0,0,0,0,0,0,0.00%,0.00%,MX$0.00,0,MX$0.00,MX$0.00,MX$0.00,0,0,0,0,0,0,0,0,MX$0.00,0,0,0,0.00%,0,0.00%,0.00%,0,0,0.00%,0,0.00%,0.00%,MX$0.00,MX$0.00,MX$0.00,0,0,0,0,0,0,0,0,MX$0.00,0,0,0,0.00%,0,0.00%,0.00%,0,0,0.00%,0,0.00%,0.00%,MX$0.00,MX$0.00,MX$0.00,MX$0.00,MX$0.00,MX$0.00,MX$0.00,0,0,0,0,MX$0.00,0,0,0,0,0,0.00%,0,0.00%,0.00%,0,0,0.00%,0,0.00%,0.00%,0,0,0.00%,0,0.00%,0.00%,0,0,0.00%,0,0.00%,0.00%,0,0,0.00%,0,0.00%,0.00%,0,0,0.00%,0,0.00%,0.00%,MX$0.00,MX$0.00,MX$0.00,0,0,0,0,0,0,0,0,MX$0.00,3,0,0.00%,0,0.00%,0.00%,0,0,0.00%,0,0.00%,0.00%
Chamarra Mujer Mayoreo 30 Pzs Entallada con Peluche y Bolsillos con Cierre,1734968380044117706,GMV y artículos vendidos = 0,Activo,MX$0.00,MX$0.00,MX$0.00,MX$0.00,MX$0.00,MX$0.00,MX$0.00,MX$0.00,MX$0.00,MX$0.00,MX$0.00,MX$0.00,MX$0.00,MX$0.00,MX$0.00,0,0,0,0,MX$0.00,1381,6,0.43%,0,0.00%,0.00%,1205,5,0.41%,0,0.00%,0.00%,MX$0.00,MX$0.00,MX$0.00,MX$0.00,MX$0.00,0,0,73,0,0,0,0.00%,0.00%,MX$0.00,0,MX$0.00,MX$0.00,MX$0.00,0,0,0,0,0,0,0,0,MX$0.00,0,0,0,0.00%,0,0.00%,0.00%,0,0,0.00%,0,0.00%,0.00%,MX$0.00,MX$0.00,MX$0.00,0,0,0,0,0,0,0,0,MX$0.00,0,1275,4,0.31%,0,0.00%,0.00%,731,1,0.14%,0,0.00%,0.00%,MX$0.00,MX$0.00,MX$0.00,MX$0.00,MX$0.00,MX$0.00,MX$0.00,0,0,0,0,MX$0.00,0,0,0,0,0,0.00%,0,0.00%,0.00%,0,0,0.00%,0,0.00%,0.00%,0,0,0.00%,0,0.00%,0.00%,0,0,0.00%,0,0.00%,0.00%,0,0,0.00%,0,0.00%,0.00%,0,0,0.00%,0,0.00%,0.00%,MX$0.00,MX$0.00,MX$0.00,0,0,0,0,0,0,0,0,MX$0.00,106,2,1.89%,0,0.00%,0.00%,62,2,3.23%,0,0.00%,0.00%
Gabardina Mujer Mayoreo 36 Pzs 3/4 con Cinturón y Gorro Desmontable,1734969057038796490,GMV y artículos vendidos = 0,Activo,MX$0.00,MX$0.00,MX$0.00,MX$0.00,MX$0.00,MX$0.00,MX$0.00,MX$0.00,MX$0.00,MX$0.00,MX$0.00,MX$0.00,MX$0.00,MX$0.00,MX$0.00,0,0,0,0,MX$0.00,1234,26,2.11%,0,0.00%,0.00%,1047,23,2.20%,0,0.00%,0.00%,MX$0.00,MX$0.00,MX$0.00,MX$0.00,MX$0.00,0,0,187,5,5,0,2.67%,0.00%,MX$0.00,0,MX$0.00,MX$0.00,MX$0.00,0,0,0,0,0,0,0,0,MX$0.00,0,0,0,0.00%,0,0.00%,0.00%,0,0,0.00%,0,0.00%,0.00%,MX$0.00,MX$0.00,MX$0.00,0,0,0,0,0,0,0,0,MX$0.00,0,946,16,1.69%,0,0.00%,0.00%,750,13,1.73%,0,0.00%,0.00%,MX$0.00,MX$0.00,MX$0.00,MX$0.00,MX$0.00,MX$0.00,MX$0.00,0,0,0,0,MX$0.00,0,0,0,27,1,3.70%,0,0.00%,0.00%,2,1,50.00%,0,0.00%,0.00%,0,0,0.00%,0,0.00%,0.00%,0,0,0.00%,0,0.00%,0.00%,0,0,0.00%,0,0.00%,0.00%,0,0,0.00%,0,0.00%,0.00%,MX$0.00,MX$0.00,MX$0.00,0,0,0,0,0,0,0,0,MX$0.00,261,9,3.45%,0,0.00%,0.00%,158,7,4.43%,0,0.00%,0.00%
Chaleco Reversible Mujer Mayoreo Doble Vista Nylon con Bolsillos y Cierres,1735509189832574666,GMV y artículos vendidos = 0,Activo,MX$0.00,MX$0.00,MX$0.00,MX$0.00,MX$0.00,MX$0.00,MX$0.00,MX$0.00,MX$0.00,MX$0.00,MX$0.00,MX$0.00,MX$0.00,MX$0.00,MX$0.00,0,0,0,0,MX$0.00,298,16,5.37%,0,0.00%,0.00%,187,9,4.81%,0,0.00%,0.00%,MX$0.00,MX$0.00,MX$0.00,MX$0.00,MX$0.00,0,0,123,8,6,0,6.50%,0.00%,MX$0.00,0,MX$0.00,MX$0.00,MX$0.00,0,0,0,0,0,0,0,0,MX$0.00,0,0,0,0.00%,0,0.00%,0.00%,0,0,0.00%,0,0.00%,0.00%,MX$0.00,MX$0.00,MX$0.00,0,0,0,0,0,0,0,0,MX$0.00,0,107,3,2.80%,0,0.00%,0.00%,79,2,2.53%,0,0.00%,0.00%,MX$0.00,MX$0.00,MX$0.00,MX$0.00,MX$0.00,MX$0.00,MX$0.00,0,0,0,0,MX$0.00,0,0,0,0,0,0.00%,0,0.00%,0.00%,0,0,0.00%,0,0.00%,0.00%,0,0,0.00%,0,0.00%,0.00%,0,0,0.00%,0,0.00%,0.00%,0,0,0.00%,0,0.00%,0.00%,0,0,0.00%,0,0.00%,0.00%,MX$0.00,MX$0.00,MX$0.00,0,0,0,0,0,0,0,0,MX$0.00,191,13,6.81%,0,0.00%,0.00%,85,5,5.88%,0,0.00%,0.00%
Chaleco Maxi Largo Mujer Mayoreo Acolchado con Gorro Desmontable Invierno,1735508935294617290,GMV y artículos vendidos = 0,Activo,MX$0.00,MX$0.00,MX$0.00,MX$0.00,MX$0.00,MX$0.00,MX$0.00,MX$0.00,MX$0.00,MX$0.00,MX$0.00,MX$0.00,MX$0.00,MX$0.00,MX$0.00,0,0,0,0,MX$0.00,212,8,3.77%,0,0.00%,0.00%,132,8,6.06%,0,0.00%,0.00%,MX$0.00,MX$0.00,MX$0.00,MX$0.00,MX$0.00,0,0,136,5,5,0,3.68%,0.00%,MX$0.00,0,MX$0.00,MX$0.00,MX$0.00,0,0,0,0,0,0,0,0,MX$0.00,0,0,0,0.00%,0,0.00%,0.00%,0,0,0.00%,0,0.00%,0.00%,MX$0.00,MX$0.00,MX$0.00,0,0,0,0,0,0,0,0,MX$0.00,0,0,0,0.00%,0,0.00%,0.00%,0,0,0.00%,0,0.00%,0.00%,MX$0.00,MX$0.00,MX$0.00,MX$0.00,MX$0.00,MX$0.00,MX$0.00,0,0,0,0,MX$0.00,0,0,0,0,0,0.00%,0,0.00%,0.00%,0,0,0.00%,0,0.00%,0.00%,0,0,0.00%,0,0.00%,0.00%,0,0,0.00%,0,0.00%,0.00%,0,0,0.00%,0,0.00%,0.00%,0,0,0.00%,0,0.00%,0.00%,MX$0.00,MX$0.00,MX$0.00,0,0,0,0,0,0,0,0,MX$0.00,212,8,3.77%,0,0.00%,0.00%,96,5,5.21%,0,0.00%,0.00%
Chaleco Puff Mujer Corto Mayoreo 16 Pzs Casual con Gorro Estilo Trendy,1734968059518224074,GMV y artículos vendidos = 0,Activo,MX$0.00,MX$0.00,MX$0.00,MX$0.00,MX$0.00,MX$0.00,MX$0.00,MX$0.00,MX$0.00,MX$0.00,MX$0.00,MX$0.00,MX$0.00,MX$0.00,MX$0.00,0,0,0,0,MX$0.00,55,2,3.64%,0,0.00%,0.00%,36,2,5.56%,0,0.00%,0.00%,MX$0.00,MX$0.00,MX$0.00,MX$0.00,MX$0.00,0,0,39,0,0,0,0.00%,0.00%,MX$0.00,0,MX$0.00,MX$0.00,MX$0.00,0,0,0,0,0,0,0,0,MX$0.00,0,0,0,0.00%,0,0.00%,0.00%,0,0,0.00%,0,0.00%,0.00%,MX$0.00,MX$0.00,MX$0.00,0,0,0,0,0,0,0,0,MX$0.00,0,0,0,0.00%,0,0.00%,0.00%,0,0,0.00%,0,0.00%,0.00%,MX$0.00,MX$0.00,MX$0.00,MX$0.00,MX$0.00,MX$0.00,MX$0.00,0,0,0,0,MX$0.00,0,0,0,0,0,0.00%,0,0.00%,0.00%,0,0,0.00%,0,0.00%,0.00%,0,0,0.00%,0,0.00%,0.00%,0,0,0.00%,0,0.00%,0.00%,0,0,0.00%,0,0.00%,0.00%,0,0,0.00%,0,0.00%,0.00%,MX$0.00,MX$0.00,MX$0.00,0,0,0,0,0,0,0,0,MX$0.00,55,2,3.64%,0,0.00%,0.00%,24,2,8.33%,0,0.00%,0.00%
Rompevientos Hombre Mayoreo 24 Pzs Chamarra Ligera Deportiva con Gorro Ajustable,1734967370483074762,GMV y artículos vendidos = 0,Activo,MX$0.00,MX$0.00,MX$0.00,MX$0.00,MX$0.00,MX$0.00,MX$0.00,MX$0.00,MX$0.00,MX$0.00,MX$0.00,MX$0.00,MX$0.00,MX$0.00,MX$0.00,0,0,0,0,MX$0.00,1029,14,1.36%,0,0.00%,0.00%,741,12,1.62%,0,0.00%,0.00%,MX$0.00,MX$0.00,MX$0.00,MX$0.00,MX$0.00,0,0,104,1,1,0,0.96%,0.00%,MX$0.00,0,MX$0.00,MX$0.00,MX$0.00,0,0,0,0,0,0,0,0,MX$0.00,0,0,0,0.00%,0,0.00%,0.00%,0,0,0.00%,0,0.00%,0.00%,MX$0.00,MX$0.00,MX$0.00,0,0,0,0,0,0,0,0,MX$0.00,0,845,9,1.07%,0,0.00%,0.00%,442,6,1.36%,0,0.00%,0.00%,MX$0.00,MX$0.00,MX$0.00,MX$0.00,MX$0.00,MX$0.00,MX$0.00,0,0,0,0,MX$0.00,0,0,0,0,0,0.00%,0,0.00%,0.00%,0,0,0.00%,0,0.00%,0.00%,0,0,0.00%,0,0.00%,0.00%,0,0,0.00%,0,0.00%,0.00%,0,0,0.00%,0,0.00%,0.00%,0,0,0.00%,0,0.00%,0.00%,MX$0.00,MX$0.00,MX$0.00,0,0,0,0,0,0,0,0,MX$0.00,184,5,2.72%,0,0.00%,0.00%,113,4,3.54%,0,0.00%,0.00%
Chamarra Hombre de Paño Mayoreo con Forro Peluche Casual Elegante,1735523049799517898,GMV y artículos vendidos = 0,Activo,MX$0.00,MX$0.00,MX$0.00,MX$0.00,MX$0.00,MX$0.00,MX$0.00,MX$0.00,MX$0.00,MX$0.00,MX$0.00,MX$0.00,MX$0.00,MX$0.00,MX$0.00,0,0,0,0,MX$0.00,157,1,0.64%,0,0.00%,0.00%,140,1,0.71%,0,0.00%,0.00%,MX$0.00,MX$0.00,MX$0.00,MX$0.00,MX$0.00,0,0,41,1,1,0,2.44%,0.00%,MX$0.00,0,MX$0.00,MX$0.00,MX$0.00,0,0,0,0,0,0,0,0,MX$0.00,0,0,0,0.00%,0,0.00%,0.00%,0,0,0.00%,0,0.00%,0.00%,MX$0.00,MX$0.00,MX$0.00,0,0,0,0,0,0,0,0,MX$0.00,0,90,0,0.00%,0,0.00%,0.00%,57,0,0.00%,0,0.00%,0.00%,MX$0.00,MX$0.00,MX$0.00,MX$0.00,MX$0.00,MX$0.00,MX$0.00,0,0,0,0,MX$0.00,0,0,0,0,0,0.00%,0,0.00%,0.00%,0,0,0.00%,0,0.00%,0.00%,0,0,0.00%,0,0.00%,0.00%,0,0,0.00%,0,0.00%,0.00%,0,0,0.00%,0,0.00%,0.00%,0,0,0.00%,0,0.00%,0.00%,MX$0.00,MX$0.00,MX$0.00,0,0,0,0,0,0,0,0,MX$0.00,67,1,1.49%,0,0.00%,0.00%,50,1,2.00%,0,0.00%,0.00%
"Gabardina Plus Size Mujer Mayoreo 36 Pzs con Peluche, Cinturón y Gorro Desmontable",1735918328730191562,-,Inactivo,MX$0.00,MX$0.00,MX$0.00,MX$0.00,MX$0.00,MX$0.00,MX$0.00,MX$0.00,MX$0.00,MX$0.00,MX$0.00,MX$0.00,MX$0.00,MX$0.00,MX$0.00,0,0,0,0,MX$0.00,1,0,0.00%,0,0.00%,0.00%,0,0,0.00%,0,0.00%,0.00%,MX$0.00,MX$0.00,MX$0.00,MX$0.00,MX$0.00,0,0,0,0,0,0,0.00%,0.00%,MX$0.00,0,MX$0.00,MX$0.00,MX$0.00,0,0,0,0,0,0,0,0,MX$0.00,0,0,0,0.00%,0,0.00%,0.00%,0,0,0.00%,0,0.00%,0.00%,MX$0.00,MX$0.00,MX$0.00,0,0,0,0,0,0,0,0,MX$0.00,0,0,0,0.00%,0,0.00%,0.00%,0,0,0.00%,0,0.00%,0.00%,MX$0.00,MX$0.00,MX$0.00,MX$0.00,MX$0.00,MX$0.00,MX$0.00,0,0,0,0,MX$0.00,0,0,0,0,0,0.00%,0,0.00%,0.00%,0,0,0.00%,0,0.00%,0.00%,0,0,0.00%,0,0.00%,0.00%,0,0,0.00%,0,0.00%,0.00%,0,0,0.00%,0,0.00%,0.00%,0,0,0.00%,0,0.00%,0.00%,MX$0.00,MX$0.00,MX$0.00,0,0,0,0,0,0,0,0,MX$0.00,1,0,0.00%,0,0.00%,0.00%,0,0,0.00%,0,0.00%,0.00%
Chaleco Reversible Caballero Mayoreo 36 Pzs Doble Vista Casual con Gorro y Bolsas,1734968901269882570,GMV y artículos vendidos = 0,Activo,MX$0.00,MX$0.00,MX$0.00,MX$0.00,MX$0.00,MX$0.00,MX$0.00,MX$0.00,MX$0.00,MX$0.00,MX$0.00,MX$0.00,MX$0.00,MX$0.00,MX$0.00,0,0,0,0,MX$0.00,323,4,1.24%,0,0.00%,0.00%,277,4,1.44%,0,0.00%,0.00%,MX$0.00,MX$0.00,MX$0.00,MX$0.00,MX$0.00,0,0,14,0,0,0,0.00%,0.00%,MX$0.00,0,MX$0.00,MX$0.00,MX$0.00,0,0,0,0,0,0,0,0,MX$0.00,0,0,0,0.00%,0,0.00%,0.00%,0,0,0.00%,0,0.00%,0.00%,MX$0.00,MX$0.00,MX$0.00,0,0,0,0,0,0,0,0,MX$0.00,0,266,3,1.13%,0,0.00%,0.00%,191,2,1.05%,0,0.00%,0.00%,MX$0.00,MX$0.00,MX$0.00,MX$0.00,MX$0.00,MX$0.00,MX$0.00,0,0,0,0,MX$0.00,0,0,0,0,0,0.00%,0,0.00%,0.00%,0,0,0.00%,0,0.00%,0.00%,0,0,0.00%,0,0.00%,0.00%,0,0,0.00%,0,0.00%,0.00%,0,0,0.00%,0,0.00%,0.00%,0,0,0.00%,0,0.00%,0.00%,MX$0.00,MX$0.00,MX$0.00,0,0,0,0,0,0,0,0,MX$0.00,57,1,1.75%,0,0.00%,0.00%,33,1,3.03%,0,0.00%,0.00%
Conjunto Pants Mujer Mayoreo 36 Pzs Outfit 2 Piezas Casual con Gorro,1734968544421250762,GMV y artículos vendidos = 0,Activo,MX$0.00,MX$0.00,MX$0.00,MX$0.00,MX$0.00,MX$0.00,MX$0.00,MX$0.00,MX$0.00,MX$0.00,MX$0.00,MX$0.00,MX$0.00,MX$0.00,MX$0.00,0,0,0,0,MX$0.00,516,5,0.97%,0,0.00%,0.00%,365,5,1.37%,0,0.00%,0.00%,MX$0.00,MX$0.00,MX$0.00,MX$0.00,MX$0.00,0,0,29,1,1,0,3.45%,0.00%,MX$0.00,0,MX$0.00,MX$0.00,MX$0.00,0,0,0,0,0,0,0,0,MX$0.00,0,0,0,0.00%,0,0.00%,0.00%,0,0,0.00%,0,0.00%,0.00%,MX$0.00,MX$0.00,MX$0.00,0,0,0,0,0,0,0,0,MX$0.00,0,466,4,0.86%,0,0.00%,0.00%,216,4,1.85%,0,0.00%,0.00%,MX$0.00,MX$0.00,MX$0.00,MX$0.00,MX$0.00,MX$0.00,MX$0.00,0,0,0,0,MX$0.00,0,0,0,0,0,0.00%,0,0.00%,0.00%,0,0,0.00%,0,0.00%,0.00%,0,0,0.00%,0,0.00%,0.00%,0,0,0.00%,0,0.00%,0.00%,0,0,0.00%,0,0.00%,0.00%,0,0,0.00%,0,0.00%,0.00%,MX$0.00,MX$0.00,MX$0.00,0,0,0,0,0,0,0,0,MX$0.00,50,1,2.00%,0,0.00%,0.00%,42,1,2.38%,0,0.00%,0.00%
Conjunto Pants Niña Mayoreo 36 Pzs Outfit 2 Piezas Casual con Gorro,1734968521563932362,GMV y artículos vendidos = 0,Activo,MX$0.00,MX$0.00,MX$0.00,MX$0.00,MX$0.00,MX$0.00,MX$0.00,MX$0.00,MX$0.00,MX$0.00,MX$0.00,MX$0.00,MX$0.00,MX$0.00,MX$0.00,0,0,0,0,MX$0.00,951,14,1.47%,0,0.00%,0.00%,842,10,1.19%,0,0.00%,0.00%,MX$0.00,MX$0.00,MX$0.00,MX$0.00,MX$0.00,0,0,54,5,4,0,9.26%,0.00%,MX$0.00,0,MX$0.00,MX$0.00,MX$0.00,0,0,0,0,0,0,0,0,MX$0.00,0,0,0,0.00%,0,0.00%,0.00%,0,0,0.00%,0,0.00%,0.00%,MX$0.00,MX$0.00,MX$0.00,0,0,0,0,0,0,0,0,MX$0.00,0,878,8,0.91%,0,0.00%,0.00%,640,4,0.63%,0,0.00%,0.00%,MX$0.00,MX$0.00,MX$0.00,MX$0.00,MX$0.00,MX$0.00,MX$0.00,0,0,0,0,MX$0.00,0,0,0,0,0,0.00%,0,0.00%,0.00%,0,0,0.00%,0,0.00%,0.00%,0,0,0.00%,0,0.00%,0.00%,0,0,0.00%,0,0.00%,0.00%,0,0,0.00%,0,0.00%,0.00%,0,0,0.00%,0,0.00%,0.00%,MX$0.00,MX$0.00,MX$0.00,0,0,0,0,0,0,0,0,MX$0.00,73,6,8.22%,0,0.00%,0.00%,50,4,8.00%,0,0.00%,0.00%
Chamarra Rompevientos Mujer Mayoreo Ultra Ligera con Gorro y Bolsillos con Cierre,1735509115224753866,GMV y artículos vendidos = 0,Activo,MX$0.00,MX$0.00,MX$0.00,MX$0.00,MX$0.00,MX$0.00,MX$0.00,MX$0.00,MX$0.00,MX$0.00,MX$0.00,MX$0.00,MX$0.00,MX$0.00,MX$0.00,0,0,0,0,MX$0.00,328,15,4.57%,0,0.00%,0.00%,259,13,5.02%,0,0.00%,0.00%,MX$0.00,MX$0.00,MX$0.00,MX$0.00,MX$0.00,0,0,146,2,2,0,1.37%,0.00%,MX$0.00,0,MX$0.00,MX$0.00,MX$0.00,0,0,0,0,0,0,0,0,MX$0.00,0,0,0,0.00%,0,0.00%,0.00%,0,0,0.00%,0,0.00%,0.00%,MX$0.00,MX$0.00,MX$0.00,0,0,0,0,0,0,0,0,MX$0.00,0,129,10,7.75%,0,0.00%,0.00%,75,5,6.67%,0,0.00%,0.00%,MX$0.00,MX$0.00,MX$0.00,MX$0.00,MX$0.00,MX$0.00,MX$0.00,0,0,0,0,MX$0.00,0,0,0,1,0,0.00%,0,0.00%,0.00%,0,0,0.00%,0,0.00%,0.00%,0,0,0.00%,0,0.00%,0.00%,0,0,0.00%,0,0.00%,0.00%,0,0,0.00%,0,0.00%,0.00%,0,0,0.00%,0,0.00%,0.00%,MX$0.00,MX$0.00,MX$0.00,0,0,0,0,0,0,0,0,MX$0.00,198,5,2.53%,0,0.00%,0.00%,131,4,3.05%,0,0.00%,0.00%
Chaqueta Gamuza Hombre Mayoreo 20 Pzs Forro Peluche Estilo Casual Elegante,1734960702840211146,GMV y artículos vendidos = 0,Activo,MX$0.00,MX$0.00,MX$0.00,MX$0.00,MX$0.00,MX$0.00,MX$0.00,MX$0.00,MX$0.00,MX$0.00,MX$0.00,MX$0.00,MX$0.00,MX$0.00,MX$0.00,0,0,0,0,MX$0.00,223,3,1.35%,0,0.00%,0.00%,194,3,1.55%,0,0.00%,0.00%,MX$0.00,MX$0.00,MX$0.00,MX$0.00,MX$0.00,0,0,28,0,0,0,0.00%,0.00%,MX$0.00,0,MX$0.00,MX$0.00,MX$0.00,0,0,0,0,0,0,0,0,MX$0.00,0,0,0,0.00%,0,0.00%,0.00%,0,0,0.00%,0,0.00%,0.00%,MX$0.00,MX$0.00,MX$0.00,0,0,0,0,0,0,0,0,MX$0.00,0,168,2,1.19%,0,0.00%,0.00%,111,2,1.80%,0,0.00%,0.00%,MX$0.00,MX$0.00,MX$0.00,MX$0.00,MX$0.00,MX$0.00,MX$0.00,0,0,0,0,MX$0.00,0,0,0,0,0,0.00%,0,0.00%,0.00%,0,0,0.00%,0,0.00%,0.00%,0,0,0.00%,0,0.00%,0.00%,0,0,0.00%,0,0.00%,0.00%,0,0,0.00%,0,0.00%,0.00%,0,0,0.00%,0,0.00%,0.00%,MX$0.00,MX$0.00,MX$0.00,0,0,0,0,0,0,0,0,MX$0.00,55,1,1.82%,0,0.00%,0.00%,38,1,2.63%,0,0.00%,0.00%
Chaleco Acolchado Hombre Mayoreo 25 piezas Sport con Gorro Desmontable y Bolsillos,1735522993341433546,GMV y artículos vendidos = 0,Activo,MX$0.00,MX$0.00,MX$0.00,MX$0.00,MX$0.00,MX$0.00,MX$0.00,MX$0.00,MX$0.00,MX$0.00,MX$0.00,MX$0.00,MX$0.00,MX$0.00,MX$0.00,0,0,0,0,MX$0.00,49,1,2.04%,0,0.00%,0.00%,44,1,2.27%,0,0.00%,0.00%,MX$0.00,MX$0.00,MX$0.00,MX$0.00,MX$0.00,0,0,30,0,0,0,0.00%,0.00%,MX$0.00,0,MX$0.00,MX$0.00,MX$0.00,0,0,0,0,0,0,0,0,MX$0.00,0,0,0,0.00%,0,0.00%,0.00%,0,0,0.00%,0,0.00%,0.00%,MX$0.00,MX$0.00,MX$0.00,0,0,0,0,0,0,0,0,MX$0.00,0,0,0,0.00%,0,0.00%,0.00%,0,0,0.00%,0,0.00%,0.00%,MX$0.00,MX$0.00,MX$0.00,MX$0.00,MX$0.00,MX$0.00,MX$0.00,0,0,0,0,MX$0.00,0,0,0,0,0,0.00%,0,0.00%,0.00%,0,0,0.00%,0,0.00%,0.00%,0,0,0.00%,0,0.00%,0.00%,0,0,0.00%,0,0.00%,0.00%,0,0,0.00%,0,0.00%,0.00%,0,0,0.00%,0,0.00%,0.00%,MX$0.00,MX$0.00,MX$0.00,0,0,0,0,0,0,0,0,MX$0.00,49,1,2.04%,0,0.00%,0.00%,40,1,2.50%,0,0.00%,0.00%
Camisola Hombre Mayoreo Tipo Sobrecamisa de Algodón con Bolsas y Botones,1735509287829604042,GMV y artículos vendidos = 0,Activo,MX$0.00,MX$0.00,MX$0.00,MX$0.00,MX$0.00,MX$0.00,MX$0.00,MX$0.00,MX$0.00,MX$0.00,MX$0.00,MX$0.00,MX$0.00,MX$0.00,MX$0.00,0,0,0,0,MX$0.00,510,34,6.67%,1,2.94%,0.00%,422,28,6.64%,1,3.57%,0.00%,MX$0.00,MX$0.00,MX$0.00,MX$0.00,MX$0.00,0,0,166,12,10,0,7.23%,0.00%,MX$0.00,0,MX$0.00,MX$0.00,MX$0.00,0,0,0,0,0,0,0,0,MX$0.00,0,0,0,0.00%,0,0.00%,0.00%,0,0,0.00%,0,0.00%,0.00%,MX$0.00,MX$0.00,MX$0.00,0,0,0,0,0,0,0,0,MX$0.00,0,286,19,6.64%,0,0.00%,0.00%,206,14,6.80%,0,0.00%,0.00%,MX$0.00,MX$0.00,MX$0.00,MX$0.00,MX$0.00,MX$0.00,MX$0.00,0,0,0,0,MX$0.00,0,0,0,0,0,0.00%,0,0.00%,0.00%,0,0,0.00%,0,0.00%,0.00%,0,0,0.00%,0,0.00%,0.00%,0,0,0.00%,0,0.00%,0.00%,0,0,0.00%,0,0.00%,0.00%,0,0,0.00%,0,0.00%,0.00%,MX$0.00,MX$0.00,MX$0.00,0,0,0,0,0,0,0,0,MX$0.00,224,15,6.70%,1,6.67%,0.00%,143,12,8.39%,1,8.33%,0.00%
Chaleco Reversible Mujer Mayoreo 60 Pzs 2 en 1 Casual con Gorro y Bolsillos,1734968579420423882,GMV y artículos vendidos = 0,Activo,MX$0.00,MX$0.00,MX$0.00,MX$0.00,MX$0.00,MX$0.00,MX$0.00,MX$0.00,MX$0.00,MX$0.00,MX$0.00,MX$0.00,MX$0.00,MX$0.00,MX$0.00,0,0,0,0,MX$0.00,326,12,3.68%,0,0.00%,0.00%,258,7,2.71%,0,0.00%,0.00%,MX$0.00,MX$0.00,MX$0.00,MX$0.00,MX$0.00,0,0,48,7,4,0,14.58%,0.00%,MX$0.00,0,MX$0.00,MX$0.00,MX$0.00,0,0,0,0,0,0,0,0,MX$0.00,0,0,0,0.00%,0,0.00%,0.00%,0,0,0.00%,0,0.00%,0.00%,MX$0.00,MX$0.00,MX$0.00,0,0,0,0,0,0,0,0,MX$0.00,0,219,1,0.46%,0,0.00%,0.00%,146,1,0.68%,0,0.00%,0.00%,MX$0.00,MX$0.00,MX$0.00,MX$0.00,MX$0.00,MX$0.00,MX$0.00,0,0,0,0,MX$0.00,0,0,0,0,0,0.00%,0,0.00%,0.00%,0,0,0.00%,0,0.00%,0.00%,0,0,0.00%,0,0.00%,0.00%,0,0,0.00%,0,0.00%,0.00%,0,0,0.00%,0,0.00%,0.00%,0,0,0.00%,0,0.00%,0.00%,MX$0.00,MX$0.00,MX$0.00,0,0,0,0,0,0,0,0,MX$0.00,107,11,10.28%,0,0.00%,0.00%,48,4,8.33%,0,0.00%,0.00%
MAYOREO POR PAQUETE DE  12 PIEZAS Playera Oversize  para Hombre Street wear con Estampados Moda Urbana Casual,1735523101213165258,GMV y artículos vendidos = 0,Activo,MX$0.00,MX$0.00,MX$0.00,MX$0.00,MX$0.00,MX$0.00,MX$0.00,MX$0.00,MX$0.00,MX$0.00,MX$0.00,MX$0.00,MX$0.00,MX$0.00,MX$0.00,0,0,0,0,MX$0.00,527,13,2.47%,0,0.00%,0.00%,434,9,2.07%,0,0.00%,0.00%,MX$0.00,MX$0.00,MX$0.00,MX$0.00,MX$0.00,0,0,41,0,0,0,0.00%,0.00%,MX$0.00,0,MX$0.00,MX$0.00,MX$0.00,0,0,0,0,0,0,0,0,MX$0.00,0,0,0,0.00%,0,0.00%,0.00%,0,0,0.00%,0,0.00%,0.00%,MX$0.00,MX$0.00,MX$0.00,0,0,0,0,0,0,0,0,MX$0.00,1,452,10,2.21%,0,0.00%,0.00%,341,6,1.76%,0,0.00%,0.00%,MX$0.00,MX$0.00,MX$0.00,MX$0.00,MX$0.00,MX$0.00,MX$0.00,0,0,0,0,MX$0.00,0,0,0,0,0,0.00%,0,0.00%,0.00%,0,0,0.00%,0,0.00%,0.00%,0,0,0.00%,0,0.00%,0.00%,0,0,0.00%,0,0.00%,0.00%,0,0,0.00%,0,0.00%,0.00%,0,0,0.00%,0,0.00%,0.00%,MX$0.00,MX$0.00,MX$0.00,0,0,0,0,0,0,0,0,MX$0.00,75,3,4.00%,0,0.00%,0.00%,50,3,6.00%,0,0.00%,0.00%
Chaleco Reversible Hombre Mayoreo Doble Vista Nylon con Cierres Cromados,1735509236324992714,GMV y artículos vendidos = 0,Activo,MX$0.00,MX$0.00,MX$0.00,MX$0.00,MX$0.00,MX$0.00,MX$0.00,MX$0.00,MX$0.00,MX$0.00,MX$0.00,MX$0.00,MX$0.00,MX$0.00,MX$0.00,0,0,0,0,MX$0.00,398,25,6.28%,0,0.00%,0.00%,342,21,6.14%,0,0.00%,0.00%,MX$0.00,MX$0.00,MX$0.00,MX$0.00,MX$0.00,0,0,12,0,0,0,0.00%,0.00%,MX$0.00,0,MX$0.00,MX$0.00,MX$0.00,0,0,0,0,0,0,0,0,MX$0.00,0,0,0,0.00%,0,0.00%,0.00%,0,0,0.00%,0,0.00%,0.00%,MX$0.00,MX$0.00,MX$0.00,0,0,0,0,0,0,0,0,MX$0.00,0,374,24,6.42%,0,0.00%,0.00%,200,10,5.00%,0,0.00%,0.00%,MX$0.00,MX$0.00,MX$0.00,MX$0.00,MX$0.00,MX$0.00,MX$0.00,0,0,0,0,MX$0.00,0,0,0,0,0,0.00%,0,0.00%,0.00%,0,0,0.00%,0,0.00%,0.00%,0,0,0.00%,0,0.00%,0.00%,0,0,0.00%,0,0.00%,0.00%,0,0,0.00%,0,0.00%,0.00%,0,0,0.00%,0,0.00%,0.00%,MX$0.00,MX$0.00,MX$0.00,0,0,0,0,0,0,0,0,MX$0.00,24,1,4.17%,0,0.00%,0.00%,19,1,5.26%,0,0.00%,0.00%
Chamarra Vinipiel Hombre Mayoreo 20 Pzs con Peluche y Cierres Cromados,1735918813524756170,-,Inactivo,MX$0.00,MX$0.00,MX$0.00,MX$0.00,MX$0.00,MX$0.00,MX$0.00,MX$0.00,MX$0.00,MX$0.00,MX$0.00,MX$0.00,MX$0.00,MX$0.00,MX$0.00,0,0,0,0,MX$0.00,1,0,0.00%,0,0.00%,0.00%,1,0,0.00%,0,0.00%,0.00%,MX$0.00,MX$0.00,MX$0.00,MX$0.00,MX$0.00,0,0,0,0,0,0,0.00%,0.00%,MX$0.00,0,MX$0.00,MX$0.00,MX$0.00,0,0,0,0,0,0,0,0,MX$0.00,0,0,0,0.00%,0,0.00%,0.00%,0,0,0.00%,0,0.00%,0.00%,MX$0.00,MX$0.00,MX$0.00,0,0,0,0,0,0,0,0,MX$0.00,0,0,0,0.00%,0,0.00%,0.00%,0,0,0.00%,0,0.00%,0.00%,MX$0.00,MX$0.00,MX$0.00,MX$0.00,MX$0.00,MX$0.00,MX$0.00,0,0,0,0,MX$0.00,0,0,0,0,0,0.00%,0,0.00%,0.00%,0,0,0.00%,0,0.00%,0.00%,0,0,0.00%,0,0.00%,0.00%,0,0,0.00%,0,0.00%,0.00%,0,0,0.00%,0,0.00%,0.00%,0,0,0.00%,0,0.00%,0.00%,MX$0.00,MX$0.00,MX$0.00,0,0,0,0,0,0,0,0,MX$0.00,1,0,0.00%,0,0.00%,0.00%,0,0,0.00%,0,0.00%,0.00%
Chamarra Mujer Vinipiel Mayoreo Tipo Piel Sintética Casual Modelos Variados,1735522944924485322,GMV y artículos vendidos = 0,Activo,MX$0.00,MX$0.00,MX$0.00,MX$0.00,MX$0.00,MX$0.00,MX$0.00,MX$0.00,MX$0.00,MX$0.00,MX$0.00,MX$0.00,MX$0.00,MX$0.00,MX$0.00,0,0,0,0,MX$0.00,1585,48,3.03%,0,0.00%,0.00%,1320,41,3.11%,0,0.00%,0.00%,MX$0.00,MX$0.00,MX$0.00,MX$0.00,MX$0.00,0,0,488,9,9,0,1.84%,0.00%,MX$0.00,0,MX$0.00,MX$0.00,MX$0.00,0,0,0,0,0,0,0,0,MX$0.00,0,0,0,0.00%,0,0.00%,0.00%,0,0,0.00%,0,0.00%,0.00%,MX$0.00,MX$0.00,MX$0.00,0,0,0,0,0,0,0,0,MX$0.00,1,869,33,3.80%,0,0.00%,0.00%,673,23,3.42%,0,0.00%,0.00%,MX$0.00,MX$0.00,MX$0.00,MX$0.00,MX$0.00,MX$0.00,MX$0.00,0,0,0,0,MX$0.00,0,0,0,0,0,0.00%,0,0.00%,0.00%,0,0,0.00%,0,0.00%,0.00%,0,0,0.00%,0,0.00%,0.00%,0,0,0.00%,0,0.00%,0.00%,0,0,0.00%,0,0.00%,0.00%,0,0,0.00%,0,0.00%,0.00%,MX$0.00,MX$0.00,MX$0.00,0,0,0,0,0,0,0,0,MX$0.00,716,15,2.09%,0,0.00%,0.00%,371,9,2.43%,0,0.00%,0.00%
Chaleco Largo Mujer Mayoreo 30 Pzs con Gorro Desmontable y Forro Peluche o Rayas,1735918679491970762,-,Inactivo,MX$0.00,MX$0.00,MX$0.00,MX$0.00,MX$0.00,MX$0.00,MX$0.00,MX$0.00,MX$0.00,MX$0.00,MX$0.00,MX$0.00,MX$0.00,MX$0.00,MX$0.00,0,0,0,0,MX$0.00,3,0,0.00%,0,0.00%,0.00%,1,0,0.00%,0,0.00%,0.00%,MX$0.00,MX$0.00,MX$0.00,MX$0.00,MX$0.00,0,0,0,0,0,0,0.00%,0.00%,MX$0.00,0,MX$0.00,MX$0.00,MX$0.00,0,0,0,0,0,0,0,0,MX$0.00,0,0,0,0.00%,0,0.00%,0.00%,0,0,0.00%,0,0.00%,0.00%,MX$0.00,MX$0.00,MX$0.00,0,0,0,0,0,0,0,0,MX$0.00,0,0,0,0.00%,0,0.00%,0.00%,0,0,0.00%,0,0.00%,0.00%,MX$0.00,MX$0.00,MX$0.00,MX$0.00,MX$0.00,MX$0.00,MX$0.00,0,0,0,0,MX$0.00,0,0,0,0,0,0.00%,0,0.00%,0.00%,0,0,0.00%,0,0.00%,0.00%,0,0,0.00%,0,0.00%,0.00%,0,0,0.00%,0,0.00%,0.00%,0,0,0.00%,0,0.00%,0.00%,0,0,0.00%,0,0.00%,0.00%,MX$0.00,MX$0.00,MX$0.00,0,0,0,0,0,0,0,0,MX$0.00,3,0,0.00%,0,0.00%,0.00%,0,0,0.00%,0,0.00%,0.00%
Camisola Hombre Mayoreo Franela Gruesa a Cuadros con Forro Peluche,1735522423721985738,GMV y artículos vendidos = 0,Activo,MX$0.00,MX$0.00,MX$0.00,MX$0.00,MX$0.00,MX$0.00,MX$0.00,MX$0.00,MX$0.00,MX$0.00,MX$0.00,MX$0.00,MX$0.00,MX$0.00,MX$0.00,0,0,0,0,MX$0.00,512,29,5.66%,0,0.00%,0.00%,420,23,5.48%,0,0.00%,0.00%,MX$0.00,MX$0.00,MX$0.00,MX$0.00,MX$0.00,0,0,26,0,0,0,0.00%,0.00%,MX$0.00,0,MX$0.00,MX$0.00,MX$0.00,0,0,0,0,0,0,0,0,MX$0.00,0,0,0,0.00%,0,0.00%,0.00%,0,0,0.00%,0,0.00%,0.00%,MX$0.00,MX$0.00,MX$0.00,0,0,0,0,0,0,0,0,MX$0.00,0,443,28,6.32%,0,0.00%,0.00%,280,16,5.71%,0,0.00%,0.00%,MX$0.00,MX$0.00,MX$0.00,MX$0.00,MX$0.00,MX$0.00,MX$0.00,0,0,0,0,MX$0.00,0,0,0,0,0,0.00%,0,0.00%,0.00%,0,0,0.00%,0,0.00%,0.00%,0,0,0.00%,0,0.00%,0.00%,0,0,0.00%,0,0.00%,0.00%,0,0,0.00%,0,0.00%,0.00%,0,0,0.00%,0,0.00%,0.00%,MX$0.00,MX$0.00,MX$0.00,0,0,0,0,0,0,0,0,MX$0.00,69,1,1.45%,0,0.00%,0.00%,38,1,2.63%,0,0.00%,0.00%
Chaleco Vinipiel Mujer Mayoreo 16 Pzs Casual Elegante con Cinturón y Peluche,1734968662395619018,GMV y artículos vendidos = 0,Activo,MX$0.00,MX$0.00,MX$0.00,MX$0.00,MX$0.00,MX$0.00,MX$0.00,MX$0.00,MX$0.00,MX$0.00,MX$0.00,MX$0.00,MX$0.00,MX$0.00,MX$0.00,0,0,0,0,MX$0.00,217,2,0.92%,0,0.00%,0.00%,160,2,1.25%,0,0.00%,0.00%,MX$0.00,MX$0.00,MX$0.00,MX$0.00,MX$0.00,0,0,104,0,0,0,0.00%,0.00%,MX$0.00,0,MX$0.00,MX$0.00,MX$0.00,0,0,0,0,0,0,0,0,MX$0.00,0,0,0,0.00%,0,0.00%,0.00%,0,0,0.00%,0,0.00%,0.00%,MX$0.00,MX$0.00,MX$0.00,0,0,0,0,0,0,0,0,MX$0.00,0,51,0,0.00%,0,0.00%,0.00%,31,0,0.00%,0,0.00%,0.00%,MX$0.00,MX$0.00,MX$0.00,MX$0.00,MX$0.00,MX$0.00,MX$0.00,0,0,0,0,MX$0.00,0,0,0,0,0,0.00%,0,0.00%,0.00%,0,0,0.00%,0,0.00%,0.00%,0,0,0.00%,0,0.00%,0.00%,0,0,0.00%,0,0.00%,0.00%,0,0,0.00%,0,0.00%,0.00%,0,0,0.00%,0,0.00%,0.00%,MX$0.00,MX$0.00,MX$0.00,0,0,0,0,0,0,0,0,MX$0.00,166,2,1.20%,0,0.00%,0.00%,97,2,2.06%,0,0.00%,0.00%