Fecha del análisis: 01/05/2026-30/05/2026,Fecha de comparación: 01/04/2026-30/04/2026,,,,,,,,,,,,,,,,,,,,,,,,,,
Resumen de los datos,,,,,,,,,,,,,,,,,,,,,,,,,,,
,GMV,Pedidos,Clientes,Artículos vendidos,Artículos reembolsados,Pedidos con SKU,Ingresos brutos,Vistas de página,Visitantes,Tasa de conversión,Impresiones del producto,Impresiones únicas de productos,Clics en el producto,Clics únicos,AOV,GMV atribuido al LIVE del creador,GMV de LIVE del creador,GMV indirecto de LIVE del creador,GMV atribuido a LIVE de cuentas vinculadas,GMV de LIVE del vendedor,GMV indirecto de LIVE de vendedor,GMV atribuido a videos de afiliados,GMV de videos del creador,GMV indirecto de video del creador,GMV atribuido a videos de cuentas vinculadas,GMV de videos de vendedor,GMV indirecto de video de vendedor
Valor total,0,0,0,0,-,0,-,1216,880,0,68403,45891,1327,903,-,0,0,0,0,0,0,0,0,0,0,0,0
Cambio porcentual,-,-,-,-,,-,,135.20%,128.57%,-,31.53%,12.18%,151.33%,135.77%,,-,-,-,-,-,-,-,-,-,-,-,-
,,,,,,,,,,,,,,,,,,,,,,,,,,,
,,,,,,,,,,,,,,,,,,,,,,,,,,,
Datos diarios,,,,,,,,,,,,,,,,,,,,,,,,,,,
Fecha,GMV,Pedidos,Clientes,Artículos vendidos,Artículos reembolsados,Pedidos con SKU,Ingresos brutos,Vistas de página,Visitantes,Tasa de conversión,Impresiones del producto,Impresiones únicas de productos,Clics en el producto,Clics únicos,AOV,GMV atribuido al LIVE del creador,GMV de LIVE del creador,GMV indirecto de LIVE del creador,GMV atribuido a LIVE de cuentas vinculadas,GMV de LIVE del vendedor,GMV indirecto de LIVE de vendedor,GMV atribuido a videos de afiliados,GMV de videos del creador,GMV indirecto de video del creador,GMV atribuido a videos de cuentas vinculadas,GMV de videos de vendedor,GMV indirecto de video de vendedor
01/05/2026,0,0,0,0,-,0,-,17,12,0,1463,1001,17,12,-,0,0,0,0,0,0,0,0,0,0,0,0
02/05/2026,0,0,0,0,-,0,-,45,41,0,3586,2903,48,42,-,0,0,0,0,0,0,0,0,0,0,0,0
03/05/2026,0,0,0,0,-,0,-,21,19,0,1997,1589,21,19,-,0,0,0,0,0,0,0,0,0,0,0,0
04/05/2026,0,0,0,0,-,0,-,85,40,0,2203,993,88,40,-,0,0,0,0,0,0,0,0,0,0,0,0
05/05/2026,0,0,0,0,-,0,-,54,24,0,2158,1353,55,25,-,0,0,0,0,0,0,0,0,0,0,0,0
06/05/2026,0,0,0,0,-,0,-,17,14,0,1600,1059,18,15,-,0,0,0,0,0,0,0,0,0,0,0,0
07/05/2026,0,0,0,0,-,0,-,15,8,0,1054,702,16,8,-,0,0,0,0,0,0,0,0,0,0,0,0
08/05/2026,0,0,0,0,-,0,-,7,7,0,857,605,7,7,-,0,0,0,0,0,0,0,0,0,0,0,0
09/05/2026,0,0,0,0,-,0,-,57,38,0,2817,1910,66,42,-,0,0,0,0,0,0,0,0,0,0,0,0
10/05/2026,0,0,0,0,-,0,-,39,35,0,2034,1566,42,37,-,0,0,0,0,0,0,0,0,0,0,0,0
11/05/2026,0,0,0,0,-,0,-,29,22,0,1933,1319,31,23,-,0,0,0,0,0,0,0,0,0,0,0,0
12/05/2026,0,0,0,0,-,0,-,32,27,0,2318,1631,32,27,-,0,0,0,0,0,0,0,0,0,0,0,0
13/05/2026,0,0,0,0,-,0,-,42,30,0,2479,1683,41,29,-,0,0,0,0,0,0,0,0,0,0,0,0
14/05/2026,0,0,0,0,-,0,-,31,20,0,1648,990,33,21,-,0,0,0,0,0,0,0,0,0,0,0,0
15/05/2026,0,0,0,0,-,0,-,48,34,0,4832,3609,50,36,-,0,0,0,0,0,0,0,0,0,0,0,0
16/05/2026,0,0,0,0,-,0,-,47,41,0,3887,2814,54,46,-,0,0,0,0,0,0,0,0,0,0,0,0
17/05/2026,0,0,0,0,-,0,-,27,23,0,2222,1465,28,24,-,0,0,0,0,0,0,0,0,0,0,0,0
18/05/2026,0,0,0,0,-,0,-,43,31,0,2058,1189,43,31,-,0,0,0,0,0,0,0,0,0,0,0,0
19/05/2026,0,0,0,0,-,0,-,49,38,0,3108,1999,49,38,-,0,0,0,0,0,0,0,0,0,0,0,0
20/05/2026,0,0,0,0,-,0,-,32,25,0,2177,1503,34,25,-,0,0,0,0,0,0,0,0,0,0,0,0
21/05/2026,0,0,0,0,-,0,-,32,28,0,1835,1253,37,30,-,0,0,0,0,0,0,0,0,0,0,0,0
22/05/2026,0,0,0,0,-,0,-,73,46,0,3379,1732,75,46,-,0,0,0,0,0,0,0,0,0,0,0,0
23/05/2026,0,0,0,0,-,0,-,46,31,0,3018,2077,45,30,-,0,0,0,0,0,0,0,0,0,0,0,0
24/05/2026,0,0,0,0,-,0,-,85,62,0,2838,1928,91,64,-,0,0,0,0,0,0,0,0,0,0,0,0
25/05/2026,0,0,0,0,-,0,-,55,20,0,2090,1054,56,20,-,0,0,0,0,0,0,0,0,0,0,0,0
26/05/2026,0,0,0,0,-,0,-,48,29,0,1831,1242,49,30,-,0,0,0,0,0,0,0,0,0,0,0,0
27/05/2026,0,0,0,0,-,0,-,78,57,0,2593,1761,77,56,-,0,0,0,0,0,0,0,0,0,0,0,0
28/05/2026,0,0,0,0,-,0,-,62,36,0,2319,1548,64,37,-,0,0,0,0,0,0,0,0,0,0,0,0
29/05/2026,0,0,0,0,-,0,-,0,33,0,1627,1082,50,34,-,0,0,0,0,0,0,0,0,0,0,0,0
30/05/2026,0,0,0,0,-,0,-,0,9,0,442,331,10,9,-,0,0,0,0,0,0,0,0,0,0,0,0